"bio","vif"
"bio_15",4.35742312638728
"bio_9",2.72802924087347
"bio_13",2.57014002015615
"bio_18",2.45338126994151
"bio_2",2.12380681518023
"bio_14",2.07242780785107
"bio_3",2.06399314647002
"bio_8",1.9045580246904
"bio_19",1.71098049917396
